prefecture,name,size-L,size-W,elev,lat,lon,lat_dd,lon_dd,type,color,owner,address
hokkaido,–L•xHP,,,,N 45‹0601.7,E 141‹4532.1,45.10046745,141.758918,h,gray,–L•x’¬,–kC“Ή“V‰–S–L•x’¬Ό–L•x
yamagata,•Δ‘ςHP,,,,N 37‹5446.5,E 140‹0957.8,37.91290377,140.166058,h,gray,•Δ‘ςs,R`§•Δ‘ςs”ª”¦΄2-444-9
tochigi,“Θ–ΨHP,,,,N 36‹3335.6,E 140‹0021.6,36.55989011,140.0060131,h,gray,“Θ–Ψ§,“Θ–Ψ§–F‰κS–F‰κ’¬–F‰κ‘δ128-1
gunma,‚θHP,,,,N 36‹1929.8,E 138‹5936.8,36.32495647,138.9935439,h,gray,‚θs,Q”n§‚θs”ªη‘γ’¬1-7-1a“c‹΄π’Κφ‰€“ΰ
tokyo,“‹HP,,,,N 35‹3809.3,E 139‹5022.1,35.63590755,139.839465,h,gray,“‹“s,“‹“s]“‹ζV–Ψκ‚S’–Ϊ
shizuoka,Γ‰ªHP,,,,N 35‹0127.8,E 138‹2431.3,35.02438809,138.4087036,h,gray,Γ‰ªs,Γ‰ª§Γ‰ªs¨‹ζz–K8-10
fukui,α‹·HP,,,,N 35‹2925.2,E 135‹4707.8,35.49033548,135.7855024,h,gray,•δ§,•δ§¬•ls‚’Λ66-20
mie,’ΓsΙ¨pHP,,,,N 34‹4021.8,E 136‹3320.8,34.67272747,136.5557676,h,gray,’Γs,Od§’Γs‰_o|Η’¬2-2
nara,“ή—Η§HP,,,,N 34‹3922.3,E 135‹5304.4,34.65619972,135.8845638,h,gray,“ή—Η§,“ή—Η§“ή—Ηs–ξ“c΄’¬2446
hiroshima,L“‡HP,,,,N 34‹2217.2,E 132‹2503.5,34.37145656,132.4176298,h,gray,L“‡s,L“‡§L“‡sΌ‹ζΟ‰ΉV’¬4-10
kagoshima,–θHP,,,,N 31‹1605.7,E 130‹2127.6,31.26825409,130.3576574,h,gray,–θs,­™“‡§–θs‚ ‚―‚Ϊ‚Μ’¬264
chiba,¬“c‘Ϋ‹σ`,,,41,,,35.764722,140.386389,ap,gray,¬“c‘Ϋ‹σ`‡,η—t§¬“cs
aichi,’†•”‘Ϋ‹σ`,,,4,,,34.858333,136.805278,ap,gray,’†•”‘Ϋ‹σ`‡,¤’m§νs
osaka,ΦΌ‘Ϋ‹σ`,,,8,,,34.434722,135.244167,ap,gray,ΦΌƒGƒAƒ|[ƒg‡,‘εγ•{ς²–μs
osaka,‘εγ‘Ϋ‹σ`,,,15,,,34.7855,135.438222,ap,gray,ΦΌƒGƒAƒ|[ƒg‡,‘εγ•{–L’†sE’r“cs
tokyo,“‹‘Ϋ‹σ`,,,6,,,35.553333,139.781111,ap,gray,‘“yπ’ΚΘ,“‹“s‘ε“c‹ζ
hokkaido,VηΞ‹σ`,,,25,,,42.7752,141.692283,ap,gray,‘“yπ’ΚΘ,–kC“ΉηΞsE•c•δ’¬
miyagi,ε‘δ‹σ`,,,2,,,38.139722,140.917,ap,gray,‘“yπ’ΚΘ,‹{ι§–ΌζsEβΐs
niigata,Vƒ‹σ`,,,3,,,37.955833,139.121111,ap,gray,‘“yπ’ΚΘ,Vƒ§Vƒs
hokkaido,’t“ΰ‹σ`,,,10,,,45.404167,141.800833,ap,gray,‘“yπ’ΚΘ,–kC“Ή’t“ΰs
hokkaido,‹ϊH‹σ`,,,30,,,43.041,144.192833,ap,gray,‘“yπ’ΚΘ,–kC“Ή‹ϊHs
hokkaido,”Ω‹σ`,,,10,,,41.77,140.821944,ap,gray,‘“yπ’ΚΘ,–kC“Ή”Ωs
hiroshima,L“‡‹σ`,,,331,,,34.436111,132.919444,ap,gray,‘“yπ’ΚΘ,L“‡§O΄s
kagawa,‚Ό‹σ`,,,185,,,34.214167,134.015556,ap,gray,‘“yπ’ΚΘ,μ§‚Όs
ehime,ΌR‹σ`,,,8,,,33.827222,132.699722,ap,gray,‘“yπ’ΚΘ,¤•Q§ΌRs
kochi,‚’m‹σ`,,,13,,,33.546111,133.669444,ap,gray,‘“yπ’ΚΘ,‚’m§“μ‘s
fukuoka,–k‹γB‹σ`,,,6,,,33.845833,131.034722,ap,gray,‘“yπ’ΚΘ,•‰ª§–k‹γBs
nagasaki,’·θ‹σ`,,,4,,,32.916944,129.913611,ap,gray,‘“yπ’ΚΘ,’·θ§‘ε‘Ίs
kumamoto,F–{‹σ`,,,195,,,32.837222,130.855,ap,gray,‘“yπ’ΚΘ,F–{§γ‰vιS‰vι’¬
oita,‘ε•ª‹σ`,,,6,,,33.479444,131.737222,ap,gray,‘“yπ’ΚΘ,‘ε•ª§‘“s
miyazaki,‹{θ‹σ`,,,6,,,31.877222,131.448611,ap,gray,‘“yπ’ΚΘ,‹{θ§‹{θs
kagoshima,­™“‡‹σ`,,,272,,,31.803333,130.719167,ap,gray,‘“yπ’ΚΘ,­™“‡§–¶“‡s
okinawa,“ί”e‹σ`,,,3,,,26.195833,127.645833,ap,gray,‘“yπ’ΚΘ,‰«“κ§“ί”es
hokkaido,®μ‹σ`,,,210,,,43.670833,142.4475,ap,gray,’fμs,–kC“Ή®μs
hokkaido,‘ΡL‹σ`,,,153,,,42.733333,143.217222,ap,gray,‘ΡLs,–kC“Ή‘ΡLs
akita,H“c‹σ`,,,95,,,39.615556,140.218611,ap,gray,H“c§,H“c§H“cs
yamagata,R`‹σ`,,,109,,,38.411944,140.371389,ap,gray,R`§,R`§“ªs
yamaguchi,Rϋ‰F•”‹σ`,,,7,,,33.93,131.279167,ap,gray,Rϋ§,Rϋ§‰F•”s
hokkaido,D–y‹uμ‹σ`,,,26,,,43.116944,141.381667,ap,gray,–h‰qΘ—¤γ©‰q‘ΰ,–kC“ΉD–ys“‹ζ
ibaraki,οι‹σ`,,,32,,,36.181111,140.414722,ap,gray,–h‰qΘq‹σ©‰q‘ΰ,οι§¬”ό‹Κs
ishikawa,¬Ό‹σ`,,,11,,,36.394444,136.406944,ap,gray,–h‰qΘq‹σ©‰q‘ΰ,Ξμ§¬Όs
tottori,•Δq‹σ`,,,6,,,35.4925,133.236389,ap,gray,–h‰qΘq‹σ©‰q‘ΰ,’Ήζ§‹«`s
tokushima,“Ώ“‡‹σ`,,,8,,,34.132778,134.606667,ap,gray,–h‰qΘCγ©‰q‘ΰ,“Ώ“‡§Ό–Ξs
hokkaido,—K‹σ`,,,16,,,45.242,141.186389,ap,gray,–kC“Ή,–kC“Ή—KS—K’¬
hokkaido,‰K‹σ`,,,25,,,42.071667,139.432778,ap,gray,–kC“Ή,–kC“Ή§KS‰K’¬
hokkaido,’†•W’Γ‹σ`,,,71,,,43.5775,144.96,ap,gray,–kC“Ή,–kC“Ή–μ•t‹S’†•W’Γ’¬
hokkaido,–δ•Κ‹σ`,,,124,,,44.303889,143.404167,ap,gray,–kC“Ή,–kC“Ή–δ•Κs
hokkaido,—–•Κ‹σ`,,,137,,,43.880556,144.164167,ap,gray,–kC“Ή,–kC“Ή–Τ‘–s
aomori,ΒX‹σ`,,,198,,,40.733333,140.690833,ap,gray,ΒX§,ΒX§ΒXs
iwate,‰Τª‹σ`,,,90,,,39.428611,141.134722,ap,gray,βθ§,βθ§‰Τªs
akita,‘εΩ”\‘γ‹σ`,,,89,,,40.191944,140.371667,ap,gray,H“c§,H“c§–kH“cs
yamagata,―“ΰ‹σ`,,,10,,,38.8125,139.787222,ap,gray,R`§,R`§π“cs
fukushima,•“‡‹σ`,,,372,,,37.2275,140.430833,ap,gray,•“‡§,•“‡§{‰κμsE‹Κμ‘Ί
tokyo,‘ε“‡‹σ`,,,39,,,34.782222,139.36,ap,gray,“‹“s,“‹“s‘ε“‡’¬
tokyo,V“‡‹σ`,,,39,,,34.367778,139.268611,ap,gray,“‹“s,“‹“sV“‡‘Ί
tokyo,_’Γ“‡‹σ`,,,78,,,34.190278,139.135556,ap,gray,“‹“s,“‹“s_’Γ“‡‘Ί
tokyo,O‘ξ“‡‹σ`,,,67,,,34.073333,139.560278,ap,gray,“‹“s,“‹“sO‘ξ‘Ί
tokyo,”ªδ“‡‹σ`,,,91,,,33.115,139.785833,ap,gray,“‹“s,“‹“s”ªδ’¬
niigata,²“n‹σ`,,,27,,,38.060278,138.413889,ap,gray,Vƒ§,Vƒ§²“ns
toyama,•xR‹σ`,,,9,,,36.648333,137.1875,ap,gray,•xR§,•xR§•xRs
ishikawa,”\“o‹σ`,,,218,,,37.293056,136.962,ap,gray,Ξμ§,Ξμ§—Φ“‡sE…’¬E”\“o’¬
fukui,•δ‹σ`,,,6,,,36.142778,136.223889,ap,gray,•δ§,•δ§βδs
nagano,Ό–{‹σ`,,,658,,,36.166944,137.922778,ap,gray,’·–μ§,’·–μ§Ό–{s
shizuoka,Γ‰ª‹σ`,,,132,,,34.796111,138.1875,ap,gray,Γ‰ª§,Γ‰ª§”v’¬sE“‡“cs
hyogo,_Λ‹σ`,,,3,,,34.6328,135.224,ap,gray,_Λs,•ΊΙ§_Λs
wakayama,“μ‹I”’•l‹σ`,,,96,,,33.6622,135.364,ap,gray,a‰ΜR§,a‰ΜR§”’•l’¬
tottori,’Ήζ‹σ`,,,7,,,35.529722,134.166667,ap,gray,’Ήζ§,’Ήζ§’Ήζs
shimane,‰Bς‹σ`,,,27,,,36.181111,133.323611,ap,gray,“‡ª§,“‡ª§‰Bς‚Μ“‡’¬
shimane,o‰_‹σ`,,,5,,,35.413611,132.89,ap,gray,“‡ª§,“‡ª§o‰_s
shimane,Ξ©‹σ`,,,36,,,34.676389,131.789722,ap,gray,“‡ª§,“‡ª§‰v“cs
okayama,‰ªR‹σ`,,,246,,,34.756944,133.855278,ap,gray,‰ªR§,‰ªR§‰ªRs
saga,²‰κ‹σ`,,,2,,,33.149722,130.302222,ap,gray,²‰κ§,²‰κ§²‰κs
nagasaki,‘Ξ”n‹σ`,,,70,,,34.284722,129.330833,ap,gray,’·θ§,’·θ§‘Ξ”ns
nagasaki,¬’l‰κ‹σ`,,,13,,,33.191389,129.085556,ap,gray,’·θ§,’·θ§–kΌ‰YS¬’l‰κ’¬
nagasaki,•]‹σ`,,,28,,,32.666667,128.833056,ap,gray,’·θ§,’·θ§ά“‡s
nagasaki,γά“‡‹σ`,,,50,,,32.984167,129.191389,ap,gray,’·θ§,’·θ§“μΌ‰YSVγά“‡’¬
nagasaki,λς‹σ`,,,13,,,33.749167,129.785556,ap,gray,’·θ§,’·θ§λςs
kagoshima,νq“‡‹σ`,,,75,,,30.605278,130.991389,ap,gray,­™“‡§,­™“‡§Ό”V•\s
kagoshima,‰®‹v“‡‹σ`,,,38,,,30.385556,130.658889,ap,gray,­™“‡§,­™“‡§‰®‹v“‡’¬
kagoshima,“ή”ό‹σ`,,,9,,,28.430556,129.7125,ap,gray,­™“‡§,­™“‡§“ή”όs
kagoshima,μE‹σ`,,,5,,,28.321389,129.927778,ap,gray,­™“‡§,­™“‡§μE’¬
kagoshima,“Ώ”V“‡‹σ`,,,16,,,27.836389,128.881389,ap,gray,­™“‡§,­™“‡§“Ώ”V“‡’¬E“Vι’¬
kagoshima,‰«‰i—Η•”‹σ`,,,30,,,27.431667,128.701389,ap,gray,­™“‡§,­™“‡§a”‘’¬
kagoshima,—^_‹σ`,,,15,,,27.044167,128.401944,ap,gray,­™“‡§,­™“‡§—^_’¬
okinawa,Ύ‘‹σ`,,,13,,,26.592222,127.240833,ap,gray,‰«“κ§,‰«“κ§Ύ‘‘Ί
okinawa,‹v•Δ“‡‹σ`,,,7,,,26.363611,126.713889,ap,gray,‰«“κ§,‰«“κ§‹v•Δ“‡’¬
okinawa,c—ΗΤ‹σ`,,,11,,,26.168333,127.155,ap,gray,‰«“κ§,‰«“κ§ΐΤ–΅‘Ί
okinawa,“μ‘ε“‹σ`,,,23,,,25.846667,131.263889,ap,gray,‰«“κ§,‰«“κ§“μ‘ε“‘Ί
okinawa,–k‘ε“‹σ`,,,21,,,25.944722,131.326944,ap,gray,‰«“κ§,‰«“κ§–k‘ε“‘Ί
okinawa,Ι]‹σ`,,,47,,,26.722222,127.785,ap,gray,‰«“κ§,‰«“κ§Ι]‘Ί
okinawa,‹{Γ‹σ`,,,47,,,24.782778,125.295,ap,gray,‰«“κ§,‰«“κ§‹{Γ“‡s
okinawa,‰Ί’n“‡‹σ`,,,18,,,24.826667,125.144722,ap,gray,‰«“κ§,‰«“κ§‹{Γ“‡s
okinawa,‘½—ΗΤ‹σ`,,,9,,,24.654444,124.675278,ap,gray,‰«“κ§,‰«“κ§‘½—ΗΤ‘Ί
okinawa,VΞ_‹σ`,,,31,,,24.396389,124.245,ap,gray,‰«“κ§,‰«“κ§Ξ_s
okinawa,”gΖΤ‹σ`,,,13,,,24.058889,123.803056,ap,gray,‰«“κ§,‰«“κ§β‹΄’¬
okinawa,—^“ί‘‹σ`,,,15,,,24.466944,122.978889,ap,gray,‰«“κ§,‰«“κ§—^“ί‘’¬
aichi,–ΌΓ‰®‹σ`,,,16,,,35.255,136.924167,ap,gray,¤’m§,¤’m§Όt“ϊδsE–LR’¬E¬–qs
hyogo,’A”n‹σ`,,,178,,,35.5128,134.787,ap,gray,•ΊΙ§,•ΊΙ§–L‰ªs
okayama,‰ª“μ‹σ`,,,2,,,34.598056,133.910833,ap,gray,‰ªR§,‰ªR§‰ªRs
kumamoto,“V‘‹σ`,,,31,,,32.482222,130.158889,ap,gray,“V‘ƒGƒAƒ‰ƒCƒ“?,F–{§“V‘s
oita,‘ε•ª§‰›”ςsκ,,,52,,,32.965,131.490833,ap,gray,‘ε•ª§,‘ε•ª§–Lγ‘ε–μs
osaka,”ª”φ‹σ`,,,13,,,34.595556,135.601944,ap,gray,‘“yπ’ΚΘ,‘εγ•{”ª”φs
hokkaido,ƒEƒgƒμ,14,11,58,N 44‹0421.3,E 145‹0011.8,44.072583,145.003278,h,red,KIKI’m°ƒiƒ`ƒ…ƒ‰ƒ‹ƒƒ][ƒg,–kC“ΉΞ—ΆSΞ—Ά’¬
hokkaido,’ίΐƒƒCƒiƒ[,20,20,94,N 43‹2741.0,E 141‹4818.0,43.461389,141.805,h,red,‡’ίΐƒƒCƒiƒ[,–kC“Ή’ΛS‰Y‰P’¬‰—D“ΰ428-17
hokkaido,“Ο“,20,20,16.3,N 42‹4055.2,E 141‹4605.1,42.682,141.768083,h,red,‡“Ο“,–kC“Ή“Ο¬–qs”΄23-3
hokkaido,–L ‘ε’Γ,20,20,3.9,N 42‹4027.8,E 143‹3733.9,42.674389,143.626083,h,red,‡ELEZO,–kC“Ή’†μS–L ’¬‘ε’Γ125
hokkaido,ƒjƒZƒRƒOƒ[ƒ“ƒtƒ@[ƒ€,20,20,222,N 42‹5123.4,E 140‹4407.0,42.8565,140.735278,h,red,‡NISEKO AVIATION,–kC“ΉΈ“cS‹δ’mΐ’¬”δ—…•v258-3
hokkaido,–kC“ΉƒƒCƒ“¬’M,20,20,304,N 43‹0936.0,E 141‹0101.2,43.16,141.017,h,red,–kC“ΉƒƒCƒ“‡,–kC“Ή¬’Ms’©—Άμ‰·ς1-130
hokkaido,ƒƒCƒX,20,20,439,N 42‹5424.1,E 140‹4005.5,42.906694,140.668194,h,red,“ϊ–{ƒn[ƒ‚ƒj[ƒƒ][ƒg‡ ,–kC“ΉΈ“cS‹δ’mΐ’¬‰Τ‰€96
iwate,¬βδ”_κ,18,18,303,N 39‹4456.4 ,E 141‹0109.4,39.749,141.019278,h,red,¬βδ”_–q”®‰οΠ,βθ§βθS΄Ξ’¬Ϋ’J’n36-1
miyagi,Β—tR‘‡ƒOƒ‰ƒEƒ“ƒh,20,20,165,N 38‹1439.4,E 140‹4928.2,38.244278,140.8245,h,red,“–kH‹Ζ‘εw,‹{ι§ε‘δs‘Ύ”’‹ζηκζδ“°•½’n“ΰ
miyagi,Β—tR–μ‹…κ,20,20,165,N 38‹1437.3,E 140‹4928.2,38.243694,140.8245,h,red,“–kH‹Ζ‘εw,‹{ι§ε‘δs‘Ύ”’‹ζbζδ“°•½37
miyagi,π‘ς,20,20,291.3,N 38‹1819.4,E 140‹4317.0,38.305389,140.721389,h,red,—Lΐ‰οΠƒXƒJƒCƒ‰ƒCƒt ,‹{ι§ε‘δsΒ—t‹ζπ‘ς”¨‘O–k‚P‚O
miyagi,p“c’†‰›φ‰€,20,20,12.9,N 37‹5811.2,E 140‹4811.5,37.969778,140.803194,h,red,p“cs–π,‹{ι§p“cs}–μΒ–Ψ155-31
miyagi,I‹ξƒWƒIƒp[ƒN,20,20,68.9,N 38‹5150.0,E 140‹5721.6,38.863889,140.956,h,red,I΄s–π,‹{ι§I΄sI‹ξΌ‘q“‹M‘D5”Τ’n
miyagi,‘ ‰¤‚¦‚Ϊ‚µ,20,20,686,N 38‹0741.8,E 140‹3147.2,38.128278,140.529778,h,red,‹{ι‘ ‰¤Ου”®‰οΠ,"	‹{ι§ “cS‘ ‰¤’¬‰“ “c‰·ς"
miyagi,‚r‚t‚f‚nƒƒXƒLƒ…[,18,18,257.2,N 38‹0825.0,E 140‹4644.7,38.140278,140.779083,h,red,”®‰οΠSUGO,"	‹{ι§Δ“cS‘Ί“c’¬›¶6-1"
miyagi,ƒZƒ~ƒl,20,20,52.1,N 38‹4053.0,E 141‹0118.1,38.681389,141.021694,h,red,““ϊ–{ƒpƒCƒƒbƒg‹¦‰ο,‹{ι§I΄s£•τ“΅‘ς[‘ς‚Q‚R‚Q
miyagi,‰ΤR‰·“’,20,20,236.5,N 38‹5027.6,E 140‹4647.6,38.841,140.779889,h,red,γ“΅Δμ,‹{ι§I΄s‰ΤR–{‘ςΨ—―
miyagi,—•{ƒOƒ‰ƒ“ƒfƒB,20,20,19.4,N 38‹2020.7,E 140‹5658.5,38.339083,140.949583,h,red,φ‰vΰ’c–@l‹{ι§ƒXƒ|[ƒc‹¦‰ο,‹{ι§‹{ιS—•{’¬›’JΩ40-1
yamagata,’©“ϊ,16,14,240,N 38‹1805.4,E 140‹0459.1,38.3015,140.083083,h,red,’©“ϊ’¬,R`§Ό‘ΊRS’©“ϊ’¬‘ε—§–Ψ’n“ΰ—§–Ψ‰Νμφ‰€
yamagata,‰“n,13,13,540,N 38‹1426.5,E 139‹5946.3,38.240694,139.996194,h,red,R`§ι‹Ζ‹Η,R`§Ό‘ΊRS’©“ϊ’¬‘ε—§–Ψ’OγR‚P‚T‚O‚P]‚S
fukushima,ƒAƒ‹ƒvƒXƒAƒ‹ƒpƒCƒ“‚Ά‚ν‚«,20,20,57.4,N 37‹0453.4,E 140‹5107.9,37.0815,140.852194,h,red,ƒAƒ‹ƒvƒXƒAƒ‹ƒpƒCƒ“(”)‚Ά‚ν‚«––±,•“‡§‚Ά‚ν‚«sDΤH‹Ζ’c’n20-1
fukushima,ƒZƒxƒoƒƒXƒeƒƒX‚f‚b,18,18,65.9,N 36‹5630.4,E 140‹4948.7,36.941778,140.830194,h,red,ƒZƒxƒoƒƒXƒeƒƒXƒSƒ‹ƒtƒNƒ‰ƒu,•“‡§‚Ά‚ν‚«sς’¬‘κ‚Μ‘ς‚P‚Q‚R-‚PƒZƒxƒoƒƒXƒeƒƒXƒSƒ‹ƒtƒNƒ‰ƒuςƒR[ƒX
fukushima,•“‡‚q‚s‚e,20,20,4,N 37‹3749.4 ,E 141‹0036.7,37.630389,141.010194,h,red,•“‡ƒCƒmƒx[ƒVƒ‡ƒ“ƒR[ƒXƒg\‘z„i‹@\,•“‡§“μ‘”ns΄’¬‹ζ•lVΤΐ‚X‚S-‚P
fukushima,ƒ~ƒj”φ£φ‰€,19,16,971,N 37‹0043.5,E 139‹2237.5,37.012083,139.377083,h,red,"	•O}ς‘Ί–πκ",•“‡§“μ‰ο’ΓSw}ς‘Ίγƒm΄
niigata,Τ‘qΟυƒƒ][ƒgƒXƒL[κ,15,15,797.1,N 36‹5307.4,E 138‹1015.9,36.885389,138.171083,h,red,Τ‘qΟυƒzƒeƒ‹,Vƒ§–­‚s“cΨ216
niigata,ƒV[ƒTƒCƒhƒoƒ[P3,20,20,230.3,N 36‹5636.9,"E 137‹5357.8	",36.943583,137.899389,h,red,”®‰οΠ…‹›μƒV[ƒTƒCƒhƒoƒ[,Vƒ§…‹›μsRϋ151
niigata,‰Τq,13,11,20.4,N 37‹2717.2,E 138‹5302.0,37.454778,138.883889,h,red,i—LjƒJƒcƒ~¤‰ο,Vƒ§’·‰ªsμθ’¬‰Τq‚P‚V‚O‚Q|‚P
niigata,‘ΊΌ•l,20,20,6,"	N 38‹0334.9 ",E 139‹1938.6,38.059694,139.327389,h,red,‘Ω“ΰs–π,Vƒ§‘Ω“ΰs‘ΊΌ•l
niigata,ƒƒbƒeƒAƒ‰ƒCƒƒ][ƒgP4,20,20,284.7,N 36‹5940.2,E 138‹1119.3,36.9945,138.188694,h,red,”®‰οΠLOTTE Hotel Arai,Vƒ§–­‚s—Ό‘P›1966
ibaraki,ƒAƒUƒƒA’y‰€,20,20,128.4,N 36‹3555.3,E 140‹1800.3,36.598694,140.300083,h,red,ƒAƒUƒƒA’y‰€,οι§ν—¤‘ε‹{s¬£‘ς‚W‚P‚S
ibaraki,‘ετƒT[ƒLƒbƒg,20,20,7.1,N 36‹1919.9,"E 140‹3043.9	",36.322194,140.512194,h,red,‘ετƒT[ƒLƒbƒg ,οι§…ΛsXΛ’¬‚U‚U‚W-‚P
ibaraki,‰ΰƒ–‰Y‚b‚b,19,19,34.5,N 36‹0831.2,E 140‹2614.6,36.142,140.437389,h,red,‰ΰƒ–‰YƒJƒ“ƒgƒ[‹δy•”,οι§s•ϋs‹Ϊ‘ς‚P‚O‚O‚O
ibaraki,(‘‰c)‚Π‚½‚ΏC•lφ‰€(‘½–Ϊ“ILκ),20,20,30,N 36‹2337.6,E 140‹3626.6,36.393778,140.607389,h,red,‘‰cν—¤C•lφ‰€––±,οι§‚Π‚½‚Ώ‚Θ‚©s”n“n‘εΐ‚U‚O‚T-‚S
ibaraki,“Ή‚Μ‰wν—¤‘ε‹{,20,20,33.4,N 36‹3551.7,E 140‹2431.6,36.597694,140.408778,h,red,³‹C‚Θ‹½‚Γ‚­‚θ”®‰οΠ,οι§ν—¤‘ε‹{s717-1
ibaraki,ƒƒCƒ„ƒ‹GC,16,16,41.9,N 36‹0557.4,E 140‹3436.8,36.099278,140.576889,h,red,ƒƒCƒ„ƒ‹GC,οι§–g“cs‘ε‘ ‚Q‚O‚O
ibaraki,ƒƒbƒNƒqƒ‹‚f‚b,16,16,126,N 36‹3621.2,E 140‹2006.7,36.605889,140.335194,h,red,ƒƒbƒNƒqƒ‹ƒSƒ‹ƒtƒNƒ‰ƒu,οι§ν—¤‘ε‹{sγ¬£‚T‚R‚V‚S-‚T
tochigi,HRC Sakura,20,20,201.7,N 36‹4550.0,E 140‹0019.0,36.763889,140.005278,h,red,”®‰οΠƒzƒ“ƒ_ƒ[ƒVƒ“ƒO,“Θ–Ψ§‚³‚­‚ηs‰Ί‰ΝΛ’n“ΰ
tochigi,ƒcƒCƒ“ƒƒ“ƒN‚ΰ‚Δ‚¬“μ,20,20,185.6,N 36‹3114.5,E 140‹1342.9,36.520694,140.228583,h,red,”®‰οΠƒ‚ƒrƒƒeƒBƒ‰ƒ“ƒh,“Θ–Ψ§–F‰κS–Ξ–Ψ’¬•OR120|1
tochigi,“ϊυ]Λ‘Ί,19,19,347.8,N 36‹4722.9,"E 139‹4144.8	",36.789694,139.695778,h,red,]Λƒƒ“ƒ_[ƒ‰ƒ“ƒh,“Θ–Ψ§“ϊυs•Ώ‘q470-2
tochigi,“ϊυ–¶~ƒXƒP[ƒgƒZƒ“ƒ^[‘ζ‚Q’“Τκ,19,16,670,N 36‹4544.6,E 139‹3632.0,36.762389,139.608889,h,red,"	“ϊυs–π",“Θ–Ψ§“ϊυs–μ‚Q‚W‚T‚S
tochigi,“ϊυ’†‹{βK,20,20,1290.6,N 36‹4436.2,E 139‹3016.9,36.743389,139.504694,h,red,“•“S“Ή,“Θ–Ψ§“ϊυs’†‹{βK
gunma,”φ£Λ‘qƒXƒL[κ,20,20,1090,N 36‹5100.3,E 139‹1424.0,36.850083,139.24,h,red,iΰj”φ£‹ΞJÒ‹x‰ΙƒZƒ“ƒ^[,Q”n§—ªS•Π•i‘Ί‹ρ‚U‚P—Ρ”Η”ª‚P
gunma,"	–kyδ‘ς‚Σ‚κ‚ ‚ΆLκ",20,20,1064,N 36‹2823.1,E 138‹3507.4,36.473083,138.585389,h,red,’·–μ΄’¬–πκ,Q”n§αΘS’·–μ΄’¬–kyδ‘ς1990-5372
gunma,–x‰z“ρY‹L”O”ςsκ,20,20,86.5,N 36‹1357.3,E 139‹0520.7,36.232583,139.089083,h,red,–x‰z“ρYƒqƒR[ƒL‚Μ‰ο,Q”n§“΅‰ªs¬—Ρ905-1
saitama,ι‹ΚƒXƒ^ƒWƒAƒ€“,20,20,,N 35‹5410.4,E 139‹4315.9,35.902889,139.721083,h,red,ι‹Κ§“y–Ψ®”υ––±,ι‹Κ§‚³‚Ά‚½‚άs—Ξ‹ζ”ό‰€2’–Ϊ’n“ΰ
saitama,‰H¶,13.54,13.54,16.7,N 36‹0840.9,E 139‹3215.0,36.144694,139.5375,h,red,ƒCƒIƒ“ƒ‚[ƒ‹”®‰οΠ,ι‹Κ§‰H¶sμθ2-281-3
chiba,‚m‚d‚b‰δ‘·qƒOƒ‰ƒEƒ“ƒh,18,14,6,N 35‹5249.4,E 140‹0320.1,35.880389,140.055583,h,red,‚m‚d‚bƒtƒ@ƒVƒƒeƒB[ƒY”®‰οΠ,η—t§‰δ‘·qs“ϊ‚Μo‚P‚P‚R‚P
chiba,’·•Ώ‚k‚v‚r,20,20,104.2,N 35‹2815.6,E 140‹1224.8,35.471,140.206889,h,red,ƒƒ“ƒOƒEƒbƒhƒXƒe[ƒVƒ‡ƒ“,η—t§’·¶S’·•Ώ’¬R”V‹½‚U‚V-‚P
chiba,—¬R,14,14,4.7,N 35‹5419.0,E 139‹5302.0,35.905278,139.883889,h,red,”®‰οΠ‚r&‚qƒR[ƒ|ƒ[ƒVƒ‡ƒ“,η—t§—¬Rs[δV“c‚R‚X‚Q
chiba,F‹g‘δ‚b.‚b,20,20,132,N 35‹2258.0,E 140‹0718.8,35.382778,140.121889,h,red,ƒƒbƒeF‹g‘δƒJƒ“ƒgƒ[‹δy•”,η—t§s΄sF‹g‚P‚U‚Q‚V-‚P
tokyo,Βƒ–“‡,19,16,274,N 32‹2804.0,E 139‹4537.4,32.467778,139.760389,h,red,Βƒ–“‡‘Ί–πκ,“‹“sΒƒ–“‡‘Ί’n“ΰ
tokyo,_’Γ“‡,20,20,112.2,N 34‹1156.0,E 139‹0736.4,34.198889,139.126778,h,red,_’Γ“‡–πκ,“‹“s_’Γ“‡‘Ί‰¨‚P‚T‚V”Τ’n
tokyo,®ª“‡,20,20,35,N 34‹2003.4,E 139‹1234.2,34.334278,139.2095,h,red,V“‡‘Ί–πκ,"	“‹“sV“‡‘Ί®ª“‡‚X‚P‚O"
tokyo,—“‡,28,24,30,N 34‹3150.8,E 139‹1624.2,34.530778,139.273389,h,red,—“‡‘Ί–πκ,“‹“s—“‡‘Ί‚P‚V‚Q‚O”Τ’n
tokyo,"	δ‘ “‡",20,18,127,N 33‹5352.4,"E 139‹3541.6	",33.897889,139.594889,h,red,δ‘ “‡‘Ί–πκ,“‹“sδ‘ “‡‘Ί“ό‚©‚Λ‚ª‘ς
kanagawa,¤μ”Ό΄,20,20,180,N 35‹3252.4,"E 139‹1539.6	",35.547889,139.261,h,red,••”–qκ,_“ήμ§¤bS¤μ’¬”Ό΄‚U‚O‚W‚V
kanagawa,Τ“c,16,16,165.1,N 35‹2016.4,E 139‹1057.7,35.337889,139.182694,h,red,—Lΐ‰οΠΤ“cƒwƒƒ|[ƒg,_“ήμ§‘«•ΏγS‘εδ’¬Τ“c¬“c΄‹v•Ϋ‚W‚R‚X
kanagawa,’Γ‹vδΞƒSƒ‹ƒt‹δy•”,19,16,223.9,N 35‹3512.1,E 139‹1419.6,35.586694,139.238778,h,red,"	’Γ‹vδΞΟυi‡","_“ήμ§‘–Ν΄s—Ξ‹ζ’†–μΌ‘ε‘ς1965”Τ24,›ƒm‘ς2011”Τ5‚Μκ•”"
kanagawa,” ª‰€ƒSƒ‹ƒtκ,19,19,884.9,N 35‹1239.9,E 139‹0140.0,35.211083,139.027778,h,red,ƒUEƒvƒƒ“ƒX” ª,_“ήμ§‘«•Ώ‰ΊS” ª’¬³” ª‚P‚R‚W
kanagawa,ƒrƒIƒgƒsƒA,18,18,86.3,N 35‹1931.0,E 139‹0955.0,35.325278,139.165278,h,red,”®‰οΠƒuƒ‹ƒbƒNƒXƒz[ƒ‹ƒfƒBƒ“ƒOƒX,"	_“ήμ§‘«•ΏγS‘εδ’¬R“c‚W‚W‚T"
kanagawa,ƒqƒ‹ƒgƒ“¬“c΄,17,17,180.3,N 35‹1217.6,E 139‹0753.7,35.204889,139.131583,h,red,ƒqƒ‹ƒgƒ“¬“c΄ ,_“ήμ§¬“c΄sª•{μ‚T‚W‚R-‚P
kanagawa,‚έ‚Θ‚Ζ‚έ‚η‚Ά,37,30,2.7,N 35‹2747.5,E 139‹3815.0,35.463194,139.6375,h,red,‰΅•ls`p‹Η,_“ήμ§‰΅•lsΌ‹ζ‚έ‚Θ‚Ζ‚έ‚η‚Ά‚P’–Ϊ
yamanashi,Β–φ‰Νμ,20,20,247,N 35‹3303.9,E 138‹2810.5,35.551083,138.469583,h,red,•xmμ’¬,R—§“μ‹–€S•xmμ’¬Β–φ’¬3247”Τ2
yamanashi,”E–μ‚R,20,20,931,N 35‹2756.8 ,E 138‹5029.7,35.465778,138.841583,h,red,”®‰οΠAir X,R—§ “μ“s—―S ”E–μ‘Ί ”E‘ 1666-56
yamanashi,K‚Ή‚Μ‹u‚ ‚θ‚ ‚ρ‚·’“Τκ,20,20,300.2,N 35‹3546.3,E 138‹3526.1,35.596194,138.590583,h,red,”®‰οΠƒWƒƒƒlƒbƒg,R—§b•{sγ‘]ª4011
yamanashi,•xmƒ–—δ,20,20,1183.6,N 35‹2526.4,E 138‹3840.9,35.424,138.644694,h,red,•xmƒhƒNƒ^[ƒrƒƒbƒWΗ—‡,R—§“μ“s—―S•xm‰ΝϋΞ’¬•xmƒ–—δ‚Q-‚P
yamanashi,•xm‰ΝϋΞ,13,13,835.4,N 35‹3042.1,E 138‹4324.2,35.511694,138.723389,h,red,(”)‰ΝϋΞƒIƒ‹ƒS[ƒ‹‚ΜX,R—§“μ“s—―S•xm‰ΝϋΞ’¬
nagano,δ›ΤƒXƒL[κ A-4‹ζ‰ζ’“Τκ,20,20,1662.3,N 35‹5137.4,E 137‹3145.8,35.860389,137.529389,h,red,”®‰οΠƒVƒ“,’·–μ§–Ψ‘]S‰¤‘κ‘Ί3162”Τ
nagano,M”Z‘ε’¬,18,18,692,N 36‹2900.6,E 137‹5157.2,36.4835,137.865889,h,red,ƒcƒJƒTH‹Ζ‡,’·–μ§‘ε’¬s‘εΠΓs’¬‹Π‚T‚R‚S‚U|‚R
nagano,‚µ‚η‚©‚Ξ2in1ƒXƒL[κ,20,20,1565.6,N 36‹0554.9,E 138‹1513.6,36.098583,138.253778,h,red,‚µ‚η‚©‚Ξ‚΄”®‰οΠ,’·–μ§–k²‹vS—§‰Θ’¬°“c”ªƒP–μ”ªqƒ–•τ2021-1
nagano,”’”nƒAƒ‹ƒvƒX,18,18,832.6,N 36‹4548.6,E 137‹5244.4,36.7635,137.879,h,red,”’”nƒAƒ‹ƒvƒXƒzƒeƒ‹,’·–μ§–kΐ“άS¬’J‘Ίη‘
nagano,ƒvƒƒ“ƒXƒzƒeƒ‹yδ‘ς,20,20,1100.8,N 36‹1756.7,"E 138‹3756.2	",36.299083,138.632278,h,red,‡ƒvƒƒ“ƒXƒzƒeƒ‹,’·–μ§–k²‹vSyδ‘ς’¬‘ε”­’n”n‰z‚P‚S‚Q‚R-‚P
nagano,ƒ}ƒCƒAƒXƒL[κ“μ,18,18,1552.6,N 35‹5542.2,E 137‹3149.0,35.928389,137.530278,h,red,–LΐΈH”®‰οΠ,’·–μ§–Ψ‘]S–Ψ‘]’¬J“c‚΄Ό–μ5346-1
shizuoka,°ƒmΞ,19,16,980,N 35‹1145.6,E 138‹5943.0,35.196,138.995278,h,red,“΅“cΟυ”®‰οΠ,Γ‰ª§–μs’ƒ”¨‘ε‘ς2250-1
shizuoka,μ“ήƒzƒeƒ‹,13,13,77.1,N 34‹5622.9,E 139‹0831.2,34.939694,139.142,h,red,"	‡μ“ήƒzƒeƒ‹",Γ‰ª§Ι“sμ“ή‚P‚S‚T‚X
shizuoka,GORA KADAN FUJI HELIPORT,18,15,849,N 35‹2209.4,E 138‹5127,35.369278,138.8575,h,red,“ϊ–{’†‰›J”­(”),Γ‰ª§x“S¬R’¬{‘–121
shizuoka,_κ…γ,20,20,433,N 35‹1631.8,E 138‹5429.5,35.2755,138.908194,h,red,–ξθƒrƒWƒlƒXƒTƒ|[ƒgi”j,Γ‰ª§δ“aκs_κ…γ‚S‚R‚X
shizuoka,–μ,20,20,866,N 35‹1552.9,E 138‹4839.2,35.264694,138.810889,h,red,–μs–π,Γ‰ª§–μs{R
shizuoka,“y”μ’¬,20,20,190,N 34‹5436.0,"E 138‹4823.0	",34.91,138.806389,h,red,Ι“¤s–π,"	Γ‰ª§Ι“¤s“y”μ‚R‚S‚X‚W-‚Q‚P"
shizuoka,“ψ‚Μ‹½,20,20,309.4,N 34‹5831.0 ,"E 138‹5405.0	",34.975278,138.901389,h,red,Ι“¤s–π,"	Γ‰ª§Ι“¤sC‘P›‚S‚Q‚V‚X-‚R"
shizuoka,“ϊ–{•½ƒzƒeƒ‹,20,20,225,N 34‹5854.8,E 138‹2754.0,34.981889,138.465,h,red,"	“ϊ–{•½ƒzƒeƒ‹","	Γ‰ª§Γ‰ªs΄…‹ζ”n‘–‚P‚T‚O‚O|‚Q"
shizuoka,‰“‡,16,14,35.9,N 35‹0224.0,E 139‹1008.0,35.04,139.168889,h,red,‰“‡ƒNƒ‰ƒuƒƒ][ƒgƒgƒ‰ƒXƒg,Γ‰ª§”MCs‰“‡‰Ζ‰z‚V‚R|‚P
shizuoka,•xmƒXƒs[ƒhƒEƒFƒC,20,20,623.6,N 35‹2241.1 ,E 138‹5544.4,35.378083,138.929,h,red,•xmƒXƒs[ƒhƒEƒFƒC(”),Γ‰ª§x“S¬R’¬’†“ϊό‚U‚X‚S
toyama,•xRƒrƒoƒƒbƒW,20,20,106,N 36‹5231.8,E 137‹3216.0,36.8755,137.537778,h,red,"	‡•xRƒrƒoƒƒbƒW",•xR§‰ΊVμS“ό‘P’¬•ζƒm–Ψ‚T‚V‚X-‚P
toyama,¬—²,20,20,613,N 36‹2631.9,E 136‹5623.2,36.442194,136.939778,h,red,”®‰οΠγ’q,•xR§“μ“vs¬—²’n“ΰ
toyama,•Ωΰ“V,20,20,87.8,N 36‹3526.8,E 136‹5926.8,36.590778,136.990778,h,red,“v”gs,•xR§“v”gs―μ’¬Β“‡
toyama,‚η‚Ά‚Ώ‚ε‚¤ƒoƒ[,20,20,557,N 36‹3436.1,E 137‹2551.6,36.576694,137.431,h,red,‘εRΟυJ”­”®‰οΠ,•xR§•xRs–{‹{’n“ΰ
ishikawa,”\“o–qκ,20,20,82,N 37‹1337.2,E 137‹0023.4,37.227,137.0065,h,red,”‹’J’{Y”®‰οΠ,Ξμ§–PμS…’¬­”g‚X‚T?‚U
fukui,‰i•½›’¬‰Νμ•~,20,20,40.9,N 36‹0543.4,E 136‹2045.6,36.095389,136.346,h,red,•δ‰Νμ‘“Ή––±,"	•δ§‹g“cS‰i•½›’¬‰Ίς–@›"
gifu,ƒAƒhƒjƒX,20,20,761.5,N 35‹1901.5,E 137‹2750.7,35.317083,137.464083,h,red,ƒvƒ‰ƒXƒAƒ‹ƒtƒ@”®‰οΠ,ς•§b“ίsγ–ξμ’¬½΄572-210ƒAƒhƒjƒXƒSƒ‹ƒtƒNƒ‰ƒu
gifu,Sγs‡•Ή‹L”Oφ‰€,18,15,450,N 35‹5258.8,E 136‹5206.2,35.883,136.868389,h,red,Sγs–π,ς•§Sγs”’’Ή’¬Χ^‚V‚U‚O|‚TSγs‡•Ή‹L”Oφ‰€“ΰ
gifu,βj,16,16,87,N 35‹2622.2,E 136‹5855.9,35.4395,136.982194,h,red,βj’¬–πκ,ς•§‰κ–ΞSβj’¬•β‚P‚Q‚U‚O-‚P
gifu,"	”’‹|ƒXƒL[κ",20,20,652.1,N 36‹1114.2,"E 136‹5415.4	",36.187278,136.904278,h,red,”’μ‘Ί–πκ,ς•§‘ε–μS”’μ‘Ί–Ψ’J
gifu,‚ί‚Ά‚Ω‚¤ƒXƒL[κ’“Τκ,20,20,880.7,N 35‹5631.5,E 137‹0249.5,35.942083,137.047083,h,red,‚ί‚Ά‚Ω‚¤‚΄J”­”®‰οΠ,ς•§Sγs–Ύ•σ‰Z…‘ςγ’n“ΰ
gifu,‚h,20,20,956.3,N 35‹5958.5,E 136‹5249.8,35.999583,136.8805,h,red,‚hƒXƒm[ƒp[ƒN,ς•§Sγs‚h’¬Ό“΄‚R‚O‚W‚U-‚P
gifu,‰ΊC,20,20,354.1,N 35‹4751.3,E 137‹1512.9,35.797583,137.253583,h,red,"	‰ΊCs–π",ς•§‰ΊCs¬μa“Y81-1
aichi,‰ªθ‹σκ,20,20,16,N 34‹5643.0,E 137‹0847.0,34.945278,137.146389,h,red,"	‰ªθs–π","	¤’m§‰ªθs”ª’“μ’¬—®‹…“‡’n“ΰ"
aichi,μ“cφ‰€,20,20,36.9,N 35‹0548.8,E 137‹1009.1,35.096889,137.169194,h,red,–L“cs–π,¤’m§–L“cs›•”’¬‚P’–Ϊ‚R‚Uiμ“cφ‰€“ΰj
aichi,ƒ‰ƒOƒiƒ}ƒ[ƒi,16,16,5,N 34‹4825.9 ,E 137‹1629.2,34.807194,137.274778,h,red,‡ƒ‰ƒOƒiƒ}ƒ[ƒi,¤’m§—SsC—z’¬‚Q-‚P
mie,ƒAƒ}ƒlƒ€,20,20,30.3,N 34‹1754.9,"E 136‹4731.2	",34.298583,136.792,h,red,u–€ƒƒ][ƒgƒ}ƒl[ƒWƒƒ“ƒg,Od§u–€s•l“‡’¬”—q2165
mie,"	Ι¨‚©‚®‚η‚Ξ",18,18,65,N 34‹2718.3,"E 136‹4019.9	",34.455083,136.672194,h,red,Ι¨‚©‚®‚η‚Ξƒƒ][ƒgη‚Μ“m,Od§Ι¨s²”ª’¬’r‚Μγ1165-1
mie,u–€ƒXƒyƒCƒ“‘Ί‘ζ‚R’“Τκ,20,20,45,N 34‹2052.8,E 136‹5021.8,34.348,136.839389,h,red,‡u–€ƒXƒyƒCƒ“‘Ί,Od§u–€sι•”’¬βθ(u–€ƒXƒyƒCƒ“‘Ί‘ζ‚R’“Τκ)
mie,‘½‹C,,,113,N 34‹2728.0,"E 136‹3047.5	",34.457778,136.513194,h,red,"	VISON‘½‹C”®‰οΠ","	Od§‘½‹CS‘½‹C’¬ƒ”ƒBƒ\ƒ“ 672-1"
mie,ƒzƒeƒ‹‹G‚Μΐ,17,17,7.4,N 34‹1150.6,"E 136‹2142.4	",34.197389,136.361778,h,red,”®‰οΠƒTƒ“EƒT[ƒrƒX,Od§–k–΄KS‹I–k’¬“’·“‡3043-4
mie,Τθ“‡,20,20,5.8,N 34‹1734.4,E 136‹4903.3,34.292889,136.817583,h,red,"	MS-NEXT ”®‰οΠ",Od§u–€su–€’¬a‹ο4451
mie,Odu–€‰z‰κ’†ƒwƒƒ|[ƒg,20,20,16.3,N 34‹1532.0,"E 136‹4710.6	",34.258889,136.786278,h,red,u–€s–π,Od§u–€su–€’¬‰z‰κ1877
shiga, ‰κƒ~ƒzƒ~ƒ…[ƒWƒAƒ€,15,15,267.6,N 34‹5535.4,E 136‹0106.6,34.9265,136.0185,h,red,_G–Ύ‰ο, ‰κ§‘ε’Γsγ“cγ‘ε’Ή‹’¬354-1
shiga,ƒtƒWƒeƒbƒN•Fª,18,18,90,N 35‹1745.2,E 136‹1654.1,35.295889,136.281694,h,red,ƒtƒWƒeƒbƒNi”j, ‰κ§•Fªs‹{“c’¬591-1
nara,’r‹½μƒOƒ‰ƒEƒ“ƒh,20,20,218,N 34‹0216.0,E 135‹5734.2,34.037778,135.9595,h,red,‰Ί–kR‘Ί‚Γ‚­‚θƒZƒ“ƒ^[,“ή—Η§‹g–μS‰Ί–kR‘Ίγ’r΄@’n“ΰ
nara,‚–μ’Ò,20,20,1100,N 34‹1020.6,E 135‹4741.2,34.172389,135.794778,h,red,άs–π‘ε“ƒx,“ή—Η§άs‘ε“ƒ’¬Β΄’n“ΰ
nara,“Vμ}–Ψ,20,20,790,N 34‹1539.9 ,E 135‹5044.5,34.261083,135.845694,h,red,“Vμ‘Ί–πκ,“ή—Η§‹g–μS“Vμ‘Ί’n“ΰ
kyoto,’Oγ‘ε‹{,20,20,110,N 35‹3453.0,E 135‹0710.2,35.581389,135.1195,h,red,“ϊ–{ƒCƒ“ƒpƒNƒg”®‰οΠ,‹“s•{‹’Oγs‘ε‹{’¬X–{4501-1
kyoto,‹{’Γ’†–μ,15,15,2.5,N 35‹3510.3,E 135‹1219.8,35.586194,135.2055,h,red,i”j‚Ι‚µ‚ª‚«@ƒ}ƒƒ“ƒgƒsƒAƒƒ][ƒg,‹“s•{‹{’Γs‘ε_373-1
wakayama,“ϊ–{ƒ_ƒCƒ„ƒ‚ƒ“ƒhƒSƒ‹ƒt‹δy•”,17,17,250,N 33‹3853.8,E 135‹5344.1,33.648278,135.895583,h,red,"	“ϊ–{ƒ_ƒCƒ„ƒ‚ƒ“ƒhƒSƒ‹ƒt?y•”",a‰ΜR§“–΄KS“ί’q‰Y’¬“μ•½–μ2478-1
wakayama,…•Σ‚ΜyZ,20,20,40,N 33‹4339.0,E 135‹2906.0,33.7275,135.485,h,red,“c•Σs–π,a‰ΜR§“c•ΣsΌμ
wakayama,a‰ΜRƒ}ƒ[ƒi,18,18,5,N 34‹0910.0,E 135‹1058.4,34.152778,135.182889,h,red,a‰ΜRƒ}ƒ[ƒiƒVƒeƒBƒzƒeƒ‹,a‰ΜR§a‰ΜRs–Ρ©’n“ΰ
osaka,–k`,18,18,1.5,N 34‹4019.2,E 135‹2534.6,34.672,135.426278,h,red,ƒIƒƒbƒNƒXi–@l‰c‹Ζ•”j,‘εγ•{‘εγs‰Τ‹ζ–k`1-4
hyogo,’WH–²•‘‘δ,35,30,100.3,N 34‹3341.4,E 135‹0020.8,34.5615,135.005778,h,red,i”j–²•‘‘δ@‰ο‹cx‰‡‰Ϋ,•ΊΙ§’WHs“ν–{’n“ΰ
okayama,‰ªR‘ΫƒT[ƒLƒbƒg,16,16,270,N 34‹5439.6,E 134‹1309.8,34.911,134.219389,h,red,‡‰ªR‘ΫƒT[ƒLƒbƒg,‰ªR§”όμs‘κ‹{‚P‚Q‚P‚O
okayama,‰ªR‚½‚ά‚Μ“’,18,18,2.7,N 34‹2936.9,"E 133‹5718.0	",34.493583,133.955,h,red,‰F–μ`“y’n‡,‰ªR§‹Κ–μs’z`1-1-10
hiroshima,Ό‰i,18,18,1,N 34‹2603.1,E 133‹1600.4,34.434194,133.266778,h,red,Ό‰i‹™‹Ζ‹¦“―‘g‡,L“‡§•Rs–φ’Γ’¬–³”Τ’n
hiroshima,‚έ‚λ‚­‚Μ—Ά’“Τκ,13,13,80,N 34‹2509.4,E 133‹1807.5,34.419278,133.302083,h,red,ƒcƒlƒCƒVƒz[ƒ‹ƒfƒBƒ“ƒOƒX,L“‡§•RsΐG’¬“΅]’¬ρ”—637
kagawa,“ΰC,20,20,5,N 34‹2820.2,E 134‹1852.5,34.472278,134.314583,h,red,¬“¤“‡’¬,μ§¬“¤S¬“¤“‡’¬”n–Ψ‚S‚W|‚Q‚V
kagawa,ƒIƒƒrƒAƒ“Ε¶Lκ,20,20,188,N 34‹3105.8,E 134‹1319.5,34.518278,134.222083,h,red,ƒIƒƒrƒAƒ“¬“¤“‡—[—zƒ–‹uƒzƒeƒ‹,μ§¬“¤S“y―’¬‰®`θb‚U‚R”Τ’n‚P
kagawa,’Ό“‡ƒxƒlƒbƒZ,18,18,2,N 34‹2648.1 ,E 133‹5900.2,34.446694,133.983389,h,red,i”j’Ό“‡•¶‰»‘Ί,μ§μS’Ό“‡’¬‹Υ’e’n
kagawa,‚έ‚±‚ª‚Ν‚ά,18,18,4,N 34‹2833.9,E 134‹0251.0,34.476083,134.0475,h,red,”®‰οΠƒAƒ~ƒ…[ƒY,μ§¬“¤S“y―’¬–L“‡‰Ζ‰Y3375
kagawa,‚β‚·‚η‚¬‚Μ“ƒ,16,16,5.6,N 34‹2820.2,E 134‹1852.5,34.472278,134.314583,h,red,¬“¤“‡’¬,μ§¬“¤S¬“¤“‡’¬”n–Ψ‚S‚W-‚Q‚V
tokushima,ƒTƒ“ƒsƒAƒSƒ‹ƒtƒNƒ‰ƒu,19,16,125,N 34‹0140.0,E 134‹2724.1,34.027778,134.456694,h,red,ƒTƒ“ƒsƒA,“Ώ“‡§“Ώ“‡s“ό“c’¬ΐ“s^‚Q‚P‚T-‚P
tokushima,l‘OY‚Μ‹½,20,20,58,N 34‹0225.8,E 134‹0009.3,34.0405,134.002583,h,red,ƒAƒƒ“ƒ{,“Ώ“‡§”ό”ns”ό”n’¬‹«–Ϊ
tokushima,“Ώ“‡§—§‚ ‚·‚½‚ή‚η‚ρ‚Η,20,20,94,N 34‹0858.2,"E 134‹2632.2	",34.1495,134.442278,h,red,ƒlƒIƒrƒGƒ“ƒg,“Ώ“‡§”Β–μS”Β–μ’¬“ί“ƒLƒrƒK’J‚S‚T-‚Q‚Q
tokushima,’†”φR‚΄,20,20,1017,N 33‹5405.0,"E 134‹0816.0	",33.901389,134.137778,h,red,”ό”ns,“Ώ“‡§”ό”ns–Ψ‰®•½‘Ύ‡ƒJƒP‚S‚S‚T-‚U
tokushima,“‘c’J—·s‘Ί,20,20,779,N 33‹5210.9,E 133‹5844.4,33.869694,133.979,h,red,–ό‚µ‚Μ‰·ς‹½,“Ώ“‡§ODs“‘c’J›¶‚Q‚W
tokushima,Φ‰¤‰^“®φ‰€,20,20,15,N 33‹3709.4,E 134‹2219.2,33.619278,134.372,h,red,C•”‰Ί“εΟυ‹¦‰ο,“Ώ“‡§C•”SC—z’¬σμΌ•—Η‚S‚R
kochi,‘ε–Lμϋ“μ,20,20,336,N 33‹4607.6,E 133‹3912.2,33.768778,133.653389,h,red,‘ε–L’¬–πκ,‚’m§’·‰ªS‘ε–L’¬’Γ‰Ζ
kochi,‚¨‚¨‚Ζ‚ζ“y‹,20,20,198,N 33‹4751.0,E 133‹4531.6,33.7975,133.758778,h,red,‘ε–L’¬–πκ,‚’m§’·‰ªS‘ε–L’¬““y‹‚P‚V‚O-‚P
kochi,•’ªƒJƒ“ƒgƒ[ƒNƒ‰ƒu,20,20,150,N 33‹3223.6,E 133‹4729.7,33.539889,133.791583,h,red,•’ªΟυJ”­i”j,‚’m§ΐ|S|Ό‘ΊΌ•ªb5207
kochi,ƒXƒJƒCƒqƒ‹,20,20,283,N 33‹1218.0,E 133‹1006.9,33.205,133.168583,h,red,l‘q‹σ”®‰οΠ,‚’m§‚‰ªSl–\’¬©•t”‹–μX‚P‚V‚S‚W-‚P
kochi,h–Ρs‘‡‰^“®φ‰€,20,20,33,N 32‹5804.0,E 132‹4650.8,32.967778,132.780778,h,red,h–Ρs–π,‚’m§h–ΡsR“ή’¬–F“ή‚S‚O‚Q‚S
kochi,ƒXƒ|[ƒcƒp[ƒN‚³‚©‚ν,20,20,104,N 33‹3010.0 ,E 133‹1833.8,33.502778,133.309389,h,red,²μ’¬‹³ηΟυ‰ο,‚’m§‚‰ªS²μ’¬b‚Q‚R‚W-‚P
kochi,“y²΄…‘‡φ‰€(‘ΜηΩ‘O),20,20,60,N 32‹4725.0,E 132‹5735.6,32.790278,132.959889,h,red,"	“y²΄…s–π",‚’m§“y²΄…s΄…ω΄’J‚W‚T‚R-‚Q‚S
kochi,–μs’¬ƒTƒbƒJ[ƒOƒ‰ƒ“ƒh,20,20,14,N 33‹3412.0,E 133‹4102.4,33.57,133.684,h,red,“μs‹³ηΟυ‰ο,‚’m§“μs–μs’¬[Ί910
kochi,ΊΛ’†‰›φ‰€,20,20,84,N 33‹1711.4,E 134‹0929.8,33.2865,134.158278,h,red,ΊΛs–π,‚’m§ΊΛsΊΛ–¦’¬‚U‚W‚P‚P
ehime,"	Ι•ϋ’¬–―ƒOƒ‰ƒ“ƒh",20,20,100,N 33‹2850.8,E 132‹1933.9,33.480778,132.326083,h,red,"	Ι•ϋ’¬‹³ηΟυ‰ο",¤•Q§Ό‰FaSΙ•ϋ’¬μ‰i“c‚S‚R
ehime,‰”g—Υƒwƒƒ|[ƒg,20,20,787,N 33‹5701.4,E 133‹3348.6,33.950389,133.5635,h,red,l‘’†‰›s–π,¤•Q§l‘’†‰›s’†‘]ª’¬‰³‚R‚W‚O
oita,ƒI[ƒgƒ|ƒƒX4,20,20,875,N 33‹0228.6,E 130‹5825.6,33.041278,130.973778,h,red,”®‰οΠƒI[ƒgƒ|ƒƒX,‘ε•ª§“ϊ“csγ’Γ]’¬γ–μ“c‚P‚P‚P‚Q-‚W
oita,‰ξμ‚Π‚ά‚ν‚θ‘ε•ª,18,18,547,N 32‹5729.5,E 131‹1652.3,32.958194,131.281194,h,red,–K–β‰ξμ‚Π‚ά‚ν‚θ,‘ε•ª§’|“cs‘ε›¶–Ψƒmγ‚P‚P‚U‚X-‚Q
nagasaki,’·θ•”•i,18,18,173.4,N 33‹0233.3,"E 129‹5611.7	",33.042583,129.936583,h,red,’·θ•”•i”®‰οΠ,’·θ§“”ή‹n’¬Oª‹½“•‘R‚Q‚W‚U-‚T
nagasaki,ƒpƒT[ƒWƒ…‹ΥC,16,16,5,N 32‹5407.9,E 129‹4809.0,32.902194,129.8025,h,red,ƒpƒT[ƒWƒ…‹ΥCƒAƒCƒ‰ƒ“ƒhƒNƒ‰ƒu,’·θ§’·θs‹ΥCΛª΄’¬‚P‚V‚P
miyazaki,–εμC•lφ‰€,18,18,3,N 32‹2858.8,E 131‹3955.0,32.483,131.665278,h,red,–εμC•l‘‡φ‰€Η—––±,‹{θ§–εμ’¬‰Α‘‚T-‚P
kagoshima,­‰®–ξθ,18,18,36,N 31‹1951.9,E 130‹5311.7,31.331083,130.886583,h,red,­™“‡•”•i”®‰οΠ,"	­™“‡§­‰®sα•½’¬[‚S‚Q‚S‚T-‚Q"
okinawa,ƒOƒ[ƒ“ƒp[ƒN,16,16,145,N 26‹4042.2,E 127‹5408.2,26.678389,127.902278,h,red,–{•”ƒOƒ[ƒ“ƒp[ƒNƒSƒ‹ƒtκ,‰«“κ§‘“ªS–{•”’¬Γ“‡404
okinawa,γ–{•””ςsκ,20,20,44,N 26‹4111.0,E 127‹5325.8,26.686389,127.8905,h,red,–{•”’¬–πκ,‰«“κ§‘“ªS–{•”’¬–L΄614
